"","term","estimate","std.error","statistic","p.value"
"1","Job.Creation.Tax.Credit",-34188.6876918254,12290.9503799306,-2.78161465427853,0.00541384577693533
"2","Investment.Tax.Credit",-124127.60010694,14902.2612737066,-8.329447311862,8.624703565874e-17
"3","Research.and.Development.Credit",295035.83456716,44294.5648820814,6.66076832118316,2.79283338971918e-11
"4","Property.Tax.Abatement",71856.4575205107,7707.98948542904,9.32233465761028,1.24979333679021e-20
"5","Customized.Job.Training.Subsidy",282647.240463606,45963.4617885756,6.14938974274256,7.92155512109004e-10
